Member ID,Member Name,Initial share (mad),Starting month,monthly share (mad),number of paid months,borrowed amount,returned amount
M01,Tayeb,120,07/2026,200.00,3.00,0.00,0.00
M02,Moulay Ahmed ,120,07/2026,200.00,1.00,0.00,0.00
M03,M'barek ,120,07/2026,200.00,0.00,0.00,0.00
M04,Ali ,120,07/2026,200.00,2.00,0.00,0.00
M05,Aadnane ,120,07/2026,200.00,1.00,0.00,0.00
M06,Mohamed ,120,07/2026,200.00,3.00,0.00,0.00
M07,Omar ,120,07/2026,200.00,1.00,0.00,0.00
M08,Brahim ,120,07/2026,200.00,3.00,0.00,0.00
M09,Hamza ,120,07/2026,200.00,1.00,0.00,0.00
M10,El Yazid ,120,07/2026,200.00,3.00,0.00,0.00
